{
  "project": "NetGuard-AI",
  "trained_at_utc": "2026-07-14T00:16:42.176057+00:00",
  "dataset_meta": {
    "n_train": 125973,
    "n_test": 22544,
    "n_features": 122,
    "class_counts_train": {
      "normal": 67343,
      "dos": 45927,
      "probe": 11656,
      "r2l": 995,
      "u2r": 52
    },
    "class_counts_test": {
      "normal": 9711,
      "dos": 7460,
      "r2l": 2885,
      "probe": 2421,
      "u2r": 67
    }
  },
  "supervised": {
    "accuracy": 0.7470723917672107,
    "f1_macro": 0.5168324415869104,
    "f1_weighted": 0.7011540829455268,
    "confusion_matrix": [
      [
        5706,
        1679,
        75,
        0,
        0
      ],
      [
        67,
        9443,
        198,
        1,
        2
      ],
      [
        166,
        603,
        1652,
        0,
        0
      ],
      [
        0,
        2833,
        14,
        34,
        4
      ],
      [
        0,
        56,
        0,
        4,
        7
      ]
    ],
    "classification_report": {
      "dos": {
        "precision": 0.9607678060279509,
        "recall": 0.7648793565683646,
        "f1-score": 0.8517053511456079,
        "support": 7460.0
      },
      "normal": {
        "precision": 0.6461612152730258,
        "recall": 0.9724024302337555,
        "f1-score": 0.7764028776978418,
        "support": 9711.0
      },
      "probe": {
        "precision": 0.851985559566787,
        "recall": 0.6823626600578273,
        "f1-score": 0.7577981651376147,
        "support": 2421.0
      },
      "r2l": {
        "precision": 0.8717948717948718,
        "recall": 0.011785095320623917,
        "f1-score": 0.023255813953488372,
        "support": 2885.0
      },
      "u2r": {
        "precision": 0.5384615384615384,
        "recall": 0.1044776119402985,
        "f1-score": 0.175,
        "support": 67.0
      },
      "accuracy": 0.7470723917672107,
      "macro avg": {
        "precision": 0.7738341982248348,
        "recall": 0.507181430824174,
        "f1-score": 0.5168324415869104,
        "support": 22544.0
      },
      "weighted avg": {
        "precision": 0.8009253709368872,
        "recall": 0.7470723917672107,
        "f1-score": 0.7011540829455268,
        "support": 22544.0
      }
    },
    "algorithm": "random_forest",
    "n_estimators": 100
  },
  "anomaly": {
    "accuracy": 0.8218594748048261,
    "precision": 0.944988392046028,
    "recall": 0.7295254422192784,
    "f1": 0.8233948988566403,
    "anomaly_rate_predicted": 0.43945173882185945,
    "attack_rate_actual": 0.5692423704755145,
    "roc_auc": 0.946252931973575,
    "algorithm": "isolation_forest",
    "n_estimators": 100,
    "contamination": 0.1,
    "n_normal_train": 67343
  }
}